n_estimators,learning_rate,num_leaves,subsample,colsample_bytree,ic_pearson_mean,ic_pearson_std,ic_spearman_mean,rmse_mean,rmse_std,r2_mean
300,0.05,63,0.8,0.8,0.107172543751479,0.0648829885605665,0.11044944646617016,0.5072051651620587,0.0522288111462151,-0.09640179083481831
500,0.05,63,0.8,0.8,0.10588122956879606,0.0647373436219997,0.10914350339551673,0.507796128140332,0.051665367598808555,-0.09916319393482464
300,0.05,31,0.8,0.8,0.09656560717227529,0.05768348614198469,0.09745577209356532,0.5122687953380702,0.05504702061932707,-0.11739743387548401
500,0.05,31,0.8,0.8,0.09507262242177743,0.05762041473980352,0.09724716907176639,0.5141486418795199,0.054040087938737366,-0.12589753893608507
300,0.1,31,0.8,0.8,0.09493766089755508,0.0648204402146041,0.09621410434356506,0.5190751785783516,0.05833271971808176,-0.14761907008639652
500,0.1,31,0.8,0.8,0.0946084032279993,0.06440754938228443,0.09608674891988914,0.5196832629736738,0.05770570715160716,-0.1505071742894608
300,0.1,63,0.8,0.8,0.08344359945075414,0.06387831775641553,0.08227333324808278,0.5166627236398458,0.05451040745330822,-0.13714839406989637
500,0.1,63,0.8,0.8,0.08335844258080893,0.06394516112209124,0.0821653164367928,0.5167622823113084,0.054455731722291754,-0.13760773534039106
